{
	"player1": "bf",
	"gfVersion": "gf",
	"notes": [
		{
			"sectionBeats": 4,
			"sectionNotes": [],
			"gfSection": false,
			"altAnim": true,
			"mustHitSection": true,
			"changeBPM": false,
			"bpm": 150
		},
		{
			"sectionBeats": 4,
			"sectionNotes": [
				[4411.76470588235, 7, 0],
				[4558.82352941176, 6, 0]
			],
			"gfSection": false,
			"altAnim": true,
			"mustHitSection": false,
			"changeBPM": false,
			"bpm": 102
		},
		{
			"sectionBeats": 8,
			"sectionNotes": [
				[4705.88235294118, 5, 294.117647058824],
				[5000, 4, 294.117647058824],
				[5294.11764705882, 5, 294.117647058824],
				[5588.23529411765, 6, 0],
				[5882.35294117647, 7, 0],
				[6176.47058823529, 6, 588.235294117647],
				[6764.70588235294, 5, 0],
				[6911.76470588235, 4, 0],
				[7058.82352941176, 5, 294.117647058824],
				[7352.94117647059, 6, 0],
				[7647.05882352941, 7, 294.117647058824],
				[7941.17647058824, 4, 0],
				[8235.29411764706, 7, 0],
				[8308.82352941177, 6, 0],
				[8382.35294117647, 5, 0],
				[8455.88235294118, 6, 0],
				[8529.41176470588, 4, 0],
				[8676.47058823529, 5, 0],
				[8823.52941176471, 6, 294.117647058824],
				[9117.64705882353, 3, 0],
				[9264.70588235294, 2, 0]
			],
			"gfSection": false,
			"altAnim": false,
			"mustHitSection": true,
			"changeBPM": false,
			"bpm": 102
		},
		{
			"sectionBeats": 15,
			"sectionNotes": [
				[9411.76470588235, 1, 294.117647058824],
				[9705.88235294118, 0, 0],
				[10000, 1, 294.117647058824],
				[10294.1176470588, 2, 0],
				[10588.2352941176, 3, 0],
				[10882.3529411765, 2, 441.176470588235],
				[11470.5882352941, 1, 0],
				[11617.6470588235, 0, 0],
				[11764.7058823529, 1, 294.117647058824],
				[12058.8235294118, 2, 0],
				[12352.9411764706, 3, 294.117647058824],
				[12647.0588235294, 2, 0],
				[12941.1764705882, 1, 294.117647058824],
				[13235.2941176471, 0, 0],
				[13308.8235294118, 1, 0],
				[13382.3529411765, 2, 0],
				[13529.4117647059, 3, 1470.58823529412],
				[13529.4117647059, 7, 1470.58823529412],
				[15000, 5, 0],
				[15000, 1, 0],
				[15294.1176470588, 0, 0],
				[15294.1176470588, 4, 0],
				[15588.2352941176, 1, 0],
				[15588.2352941176, 5, 0],
				[15735.2941176471, 3, 0],
				[15735.2941176471, 7, 0],
				[15880.9479205695, 6, 1764.70588235294],
				[15882.3529411765, 2, 1764.70588235294],
				[17941.1764705882, 6, 0],
				[18014.7058823529, 7, 0],
				[18088.2352941176, 5, 0]
			],
			"gfSection": false,
			"altAnim": false,
			"mustHitSection": true,
			"changeBPM": false,
			"bpm": 102
		},
		{
			"sectionBeats": 8,
			"sectionNotes": [
				[18235.2941176471, 4, 0],
				[18308.8235294118, 5, 0],
				[18382.3529411765, 6, 0],
				[18455.8823529412, 7, 0],
				[18529.4117647059, 6, 0],
				[18602.9411764706, 5, 0],
				[18676.4705882353, 4, 0],
				[18750, 5, 0],
				[18823.5294117647, 6, 0],
				[18897.0588235294, 7, 0],
				[18970.5882352941, 6, 0],
				[19044.1176470588, 5, 0],
				[19117.6470588235, 4, 0],
				[19191.1764705882, 5, 0],
				[19264.7058823529, 6, 0],
				[19338.2352941176, 7, 0],
				[19411.7647058824, 6, 0],
				[19705.8823529412, 5, 588.235294117647],
				[20294.1176470588, 4, 0],
				[20441.1764705882, 7, 0],
				[20588.2352941176, 5, 294.117647058824],
				[20882.3529411765, 5, 0],
				[21176.4705882353, 7, 294.117647058824],
				[21470.5882352941, 4, 294.117647058824],
				[21764.7058823529, 7, 0],
				[21911.7647058824, 5, 0],
				[22058.8235294118, 4, 0],
				[22205.8823529412, 5, 0],
				[22352.9411764706, 7, 441.176470588235],
				[22647.0588235294, 2, 0],
				[22794.1176470588, 1, 0]
			],
			"gfSection": false,
			"altAnim": false,
			"mustHitSection": true,
			"changeBPM": false,
			"bpm": 102
		},
		{
			"sectionBeats": 12,
			"sectionNotes": [
				[22941.1764705882, 0, 0],
				[23014.7058823529, 1, 0],
				[23088.2352941177, 2, 0],
				[23161.7647058824, 3, 0],
				[23235.2941176471, 2, 0],
				[23308.8235294118, 1, 0],
				[23382.3529411765, 0, 0],
				[23455.8823529412, 1, 0],
				[23529.4117647059, 2, 0],
				[23602.9411764706, 3, 0],
				[23676.4705882353, 2, 0],
				[23750, 1, 0],
				[23823.5294117647, 0, 0],
				[23897.0588235294, 1, 0],
				[23970.5882352941, 2, 0],
				[24044.1176470588, 3, 0],
				[24117.6470588235, 1, 294.117647058824],
				[24411.7647058824, 0, 514.705882352941],
				[25000, 0, 0],
				[25147.0588235294, 3, 0],
				[25294.1176470588, 2, 294.117647058824],
				[25588.2352941177, 1, 0],
				[25882.3529411765, 3, 294.117647058824],
				[26176.4705882353, 0, 0],
				[26470.5882352941, 3, 294.117647058824],
				[26764.7058823529, 0, 0],
				[26911.7647058824, 1, 0],
				[27058.8235294118, 7, 1838.23529411765],
				[27058.8235294118, 3, 1838.23529411765]
			],
			"gfSection": false,
			"altAnim": false,
			"mustHitSection": true,
			"changeBPM": false,
			"bpm": 102
		}
	],
	"events": [],
	"player2": "crabs",
	"gameOverChar": "bf-dead",
	"offset": 0,
	"song": "congratssailer",
	"needsVoices": true,
	"stage": "stage",
	"bpm": 102,
	"speed": 1,
	"format": "psych_v1"
}
